,click,purchase,add_to_cart
ndcg@1,1.0,0.0,1.0
map,0.8333333333333333,0.3333333333333333,1.0
mrr,1.0,0.3333333333333333,1.0
ndcg@2,0.6131471927654585,0.0,1.0
ndcg@3,0.9197207891481877,0.5,1.0
