,click,purchase,add_to_cart
click,1.0,0.353558615852381,0.880682928826695
purchase,0.353558615852381,1.0,0.7544836921240226
add_to_cart,0.880682928826695,0.7544836921240226,1.0
